stage,roi,condition,trial_index,amp_uV,peak_latency_ms
After ICA,Frontal ROI,familiar,0,-10.449938837925766,325.0
After ICA,Frontal ROI,familiar,1,10.51130361250795,387.0
After ICA,Frontal ROI,familiar,2,8.228315138169165,479.0
After ICA,Frontal ROI,familiar,3,-6.0418583067120135,300.0
After ICA,Frontal ROI,familiar,4,-4.399646941015515,418.0
After ICA,Frontal ROI,familiar,5,6.465195290995089,488.0
After ICA,Frontal ROI,familiar,6,-8.89004463045754,464.0
After ICA,Frontal ROI,familiar,7,-7.460695902024692,433.0
After ICA,Frontal ROI,familiar,8,-6.404064749480754,316.0
After ICA,Frontal ROI,familiar,9,-20.070359612839926,328.0
After ICA,Frontal ROI,familiar,10,-12.9585693935472,302.0
After ICA,Frontal ROI,familiar,11,-10.443195549329538,382.0
After ICA,Frontal ROI,familiar,12,-3.6683996485776125,332.0
After ICA,Frontal ROI,familiar,13,4.12933225179706,450.0
After ICA,Frontal ROI,familiar,14,-0.8412901159413717,404.0
After ICA,Frontal ROI,familiar,15,-4.506517796233865,393.0
After ICA,Frontal ROI,familiar,16,-12.87610729848949,500.0
After ICA,Frontal ROI,familiar,17,-4.836763136469361,500.0
After ICA,Frontal ROI,familiar,18,-18.40241992465517,301.0
After ICA,Frontal ROI,familiar,19,-7.911986287161704,444.0
After ICA,Frontal ROI,familiar,20,-12.656945640148258,313.0
After ICA,Frontal ROI,familiar,21,15.68285936872239,500.0
After ICA,Frontal ROI,familiar,22,1.1142641554836243,356.0
After ICA,Frontal ROI,familiar,23,12.280356494580667,432.0
After ICA,Frontal ROI,familiar,24,4.70814959231152,446.0
After ICA,Frontal ROI,familiar,25,-7.220100825058353,307.0
After ICA,Frontal ROI,familiar,26,25.345244843190724,492.0
After ICA,Frontal ROI,familiar,27,42.218597781564014,479.0
After ICA,Frontal ROI,familiar,28,-15.456340037007648,317.0
After ICA,Frontal ROI,familiar,29,-14.013238628250674,475.0
After ICA,Frontal ROI,familiar,30,-17.567612154477743,490.0
After ICA,Frontal ROI,familiar,31,-19.115509970113575,305.0
After ICA,Frontal ROI,familiar,32,-21.55322386051195,469.0
After ICA,Frontal ROI,familiar,33,-10.309134783074928,450.0
After ICA,Frontal ROI,familiar,34,-4.142355141527977,476.0
After ICA,Frontal ROI,familiar,35,4.734695402679798,421.0
After ICA,Frontal ROI,familiar,36,-16.43565896911282,307.0
After ICA,Frontal ROI,familiar,37,3.0475274870276126,387.0
After ICA,Frontal ROI,familiar,38,-1.1054794064583564,450.0
After ICA,Frontal ROI,familiar,39,-11.033754270588917,322.0
After ICA,Frontal ROI,familiar,40,-5.056938399675731,337.0
After ICA,Frontal ROI,familiar,41,-10.872142633561237,472.0
After ICA,Frontal ROI,familiar,42,-2.6787604647187235,448.0
After ICA,Frontal ROI,familiar,43,3.6592003662301704,482.0
After ICA,Frontal ROI,familiar,44,13.961895172804585,499.0
After ICA,Frontal ROI,familiar,45,1.362234877100095,412.0
After ICA,Frontal ROI,familiar,46,8.287440863755435,377.0
After ICA,Frontal ROI,familiar,47,-4.478988671175442,491.0
After ICA,Frontal ROI,familiar,48,-6.581350601934636,499.0
After ICA,Frontal ROI,familiar,49,-6.284233354723492,425.0
After ICA,Frontal ROI,familiar,50,11.13553203977953,377.0
After ICA,Frontal ROI,familiar,51,-13.289063602468804,308.0
After ICA,Frontal ROI,familiar,52,5.871028408328867,454.0
After ICA,Frontal ROI,familiar,53,6.104175742554447,304.0
After ICA,Frontal ROI,familiar,54,-0.6398861854897505,328.0
After ICA,Frontal ROI,familiar,55,-0.13895679883667056,414.0
After ICA,Frontal ROI,familiar,56,2.4056281049591113,301.0
After ICA,Frontal ROI,familiar,57,-4.270501590397251,404.0
After ICA,Frontal ROI,familiar,58,0.054157476149244266,439.0
After ICA,Frontal ROI,familiar,59,0.6580979689205232,480.0
After ICA,Frontal ROI,familiar,60,9.720033054236506,453.0
After ICA,Frontal ROI,familiar,61,-2.990211693616219,313.0
After ICA,Frontal ROI,familiar,62,4.531449498066532,490.0
After ICA,Frontal ROI,familiar,63,6.587519914873896,485.0
After ICA,Frontal ROI,familiar,64,-6.385531502738356,479.0
After ICA,Frontal ROI,familiar,65,10.016578997097584,438.0
After ICA,Frontal ROI,familiar,66,-1.2288375764727304,313.0
After ICA,Frontal ROI,familiar,67,-0.449015952024298,471.0
After ICA,Frontal ROI,familiar,68,-11.422533075239695,308.0
After ICA,Frontal ROI,familiar,69,-4.687993157878274,300.0
After ICA,Frontal ROI,familiar,70,3.0544598054619425,435.0
After ICA,Frontal ROI,familiar,71,-6.108053322918056,332.0
After ICA,Frontal ROI,familiar,72,2.554365913741038,416.0
After ICA,Frontal ROI,familiar,73,-3.603171577176581,429.0
After ICA,Frontal ROI,familiar,74,5.08701434018363,430.0
After ICA,Frontal ROI,familiar,75,2.3659963533457056,456.0
After ICA,Frontal ROI,familiar,76,4.822495656901456,461.0
After ICA,Frontal ROI,familiar,77,-4.49963615054513,426.0
After ICA,Frontal ROI,familiar,78,-0.9718985760412131,376.0
After ICA,Frontal ROI,familiar,79,7.003139693456027,447.0
After ICA,Frontal ROI,familiar,80,-0.2239478795137624,361.0
After ICA,Frontal ROI,familiar,81,5.913953847101808,314.0
After ICA,Frontal ROI,familiar,82,16.445624099807933,361.0
After ICA,Frontal ROI,familiar,83,3.9554982635317146,324.0
After ICA,Frontal ROI,familiar,84,11.57660459867872,302.0
After ICA,Frontal ROI,familiar,85,-6.931550054314823,360.0
After ICA,Frontal ROI,familiar,86,5.358514869321858,332.0
After ICA,Frontal ROI,familiar,87,-16.736347230576285,449.0
After ICA,Frontal ROI,familiar,88,-26.33595108257639,494.0
After ICA,Frontal ROI,familiar,89,-3.5215081090598837,313.0
After ICA,Frontal ROI,familiar,90,6.863230385657285,357.0
After ICA,Frontal ROI,familiar,91,-9.19074809882528,442.0
After ICA,Frontal ROI,familiar,92,-21.07028372892007,500.0
After ICA,Frontal ROI,familiar,93,-9.492926561244998,351.0
After ICA,Frontal ROI,familiar,94,-0.2931771216555657,347.0
After ICA,Frontal ROI,familiar,95,-0.5562901705649196,497.0
After ICA,Frontal ROI,familiar,96,3.655780053884662,318.0
After ICA,Frontal ROI,familiar,97,9.325412893831217,477.0
After ICA,Frontal ROI,familiar,98,-8.405208322669063,326.0
After ICA,Frontal ROI,familiar,99,13.929855278388775,354.0
After ICA,Frontal ROI,familiar,100,-5.07419191022784,300.0
After ICA,Frontal ROI,familiar,101,9.565062649334964,356.0
After ICA,Frontal ROI,familiar,102,2.511970266450658,495.0
After ICA,Frontal ROI,familiar,103,17.54897789848748,395.0
After ICA,Frontal ROI,familiar,104,37.628088018635374,500.0
After ICA,Frontal ROI,familiar,105,-2.7744245040016624,490.0
After ICA,Frontal ROI,familiar,106,-0.5981201922423045,379.0
After ICA,Frontal ROI,familiar,107,-20.337452235065548,300.0
After ICA,Frontal ROI,familiar,108,-22.048547334719167,349.0
After ICA,Frontal ROI,familiar,109,12.171513900944667,441.0
After ICA,Frontal ROI,familiar,110,-9.959237609682106,317.0
After ICA,Frontal ROI,familiar,111,2.7808526599582084,452.0
After ICA,Frontal ROI,familiar,112,3.943182588482477,416.0
After ICA,Frontal ROI,familiar,113,14.009037574563953,424.0
After ICA,Frontal ROI,familiar,114,-6.224660927935731,493.0
After ICA,Frontal ROI,familiar,115,-2.7480673633487216,345.0
After ICA,Frontal ROI,familiar,116,-6.487667109951087,436.0
After ICA,Frontal ROI,familiar,117,2.7982452200809416,404.0
After ICA,Frontal ROI,familiar,118,6.214538610192232,367.0
After ICA,Frontal ROI,familiar,119,9.870775820853117,467.0
After ICA,Frontal ROI,familiar,120,-2.8957975663566815,440.0
After ICA,Frontal ROI,familiar,121,12.285107352899969,352.0
After ICA,Frontal ROI,familiar,122,7.063870668506385,339.0
After ICA,Frontal ROI,familiar,123,-0.035335763227049906,497.0
After ICA,Frontal ROI,familiar,124,7.573685821572567,325.0
After ICA,Frontal ROI,familiar,125,7.41952748301569,367.0
After ICA,Frontal ROI,familiar,126,7.877377531107252,408.0
After ICA,Frontal ROI,familiar,127,-2.8473123548008927,377.0
After ICA,Frontal ROI,familiar,128,-6.679932696164613,487.0
After ICA,Frontal ROI,familiar,129,-6.734394578488381,474.0
After ICA,Frontal ROI,familiar,130,-7.254929067840313,300.0
After ICA,Frontal ROI,familiar,131,-11.757417295831557,474.0
After ICA,Frontal ROI,familiar,132,-7.334414363247921,421.0
After ICA,Frontal ROI,familiar,133,-8.294566858022995,355.0
After ICA,Frontal ROI,familiar,134,5.762677529324466,326.0
After ICA,Frontal ROI,familiar,135,5.7735521221320205,442.0
After ICA,Frontal ROI,familiar,136,-14.606785634381746,309.0
After ICA,Frontal ROI,familiar,137,1.9456260144230892,472.0
After ICA,Frontal ROI,familiar,138,-13.202572012832649,500.0
After ICA,Frontal ROI,familiar,139,-20.63055527305888,316.0
After ICA,Frontal ROI,familiar,140,-4.322846813702434,388.0
After ICA,Frontal ROI,familiar,141,49.820419673733426,409.0
After ICA,Frontal ROI,familiar,142,30.502600445538036,308.0
After ICA,Frontal ROI,familiar,143,-2.408852370762067,414.0
After ICA,Frontal ROI,familiar,144,1.3638510217243291,386.0
After ICA,Frontal ROI,familiar,145,3.7929599763631936,493.0
After ICA,Frontal ROI,familiar,146,-1.0209190935509147,500.0
After ICA,Frontal ROI,familiar,147,6.627957895683761,425.0
After ICA,Frontal ROI,familiar,148,-11.650473693200993,387.0
After ICA,Frontal ROI,familiar,149,1.5985897158456195,465.0
After ICA,Frontal ROI,familiar,150,2.417568535537824,458.0
After ICA,Frontal ROI,familiar,151,23.266786601646025,491.0
After ICA,Frontal ROI,familiar,152,-6.561297311281179,310.0
After ICA,Frontal ROI,familiar,153,-9.249461275760073,416.0
After ICA,Frontal ROI,familiar,154,-32.26394594734201,315.0
After ICA,Frontal ROI,familiar,155,7.464414957790241,369.0
After ICA,Frontal ROI,familiar,156,-7.718394501542156,490.0
After ICA,Frontal ROI,familiar,157,22.5277422548814,443.0
After ICA,Frontal ROI,familiar,158,1.6624618695369764,433.0
After ICA,Frontal ROI,familiar,159,-4.369638442429383,375.0
After ICA,Frontal ROI,familiar,160,-5.6947900724591936,363.0
After ICA,Frontal ROI,familiar,161,-5.368667178566215,473.0
After ICA,Frontal ROI,familiar,162,-7.240802279683556,500.0
After ICA,Frontal ROI,familiar,163,-6.928870495553043,303.0
After ICA,Frontal ROI,familiar,164,-0.26425879697046256,500.0
After ICA,Frontal ROI,familiar,165,-9.94284270993177,353.0
After ICA,Frontal ROI,familiar,166,-0.7141836171037319,500.0
After ICA,Frontal ROI,familiar,167,-13.80143784872459,322.0
After ICA,Frontal ROI,familiar,168,-1.5071340885346491,348.0
After ICA,Frontal ROI,familiar,169,9.026517209619152,482.0
After ICA,Frontal ROI,familiar,170,-8.746039407075859,357.0
After ICA,Frontal ROI,familiar,171,10.739304387297436,402.0
After ICA,Frontal ROI,familiar,172,-4.287745987064894,346.0
After ICA,Frontal ROI,familiar,173,2.993122623354795,429.0
After ICA,Frontal ROI,familiar,174,4.477886745920912,500.0
After ICA,Frontal ROI,familiar,175,-3.181477816830283,494.0
After ICA,Frontal ROI,familiar,176,-4.079532742083616,407.0
After ICA,Frontal ROI,familiar,177,6.829205788740436,311.0
After ICA,Frontal ROI,familiar,178,-8.196119145684419,406.0
After ICA,Frontal ROI,familiar,179,0.3520999655194294,351.0
After ICA,Frontal ROI,familiar,180,0.4887551374820443,324.0
After ICA,Frontal ROI,familiar,181,-4.287527206851472,314.0
After ICA,Frontal ROI,familiar,182,-5.906758303550168,471.0
After ICA,Frontal ROI,familiar,183,-7.372109193496701,308.0
After ICA,Frontal ROI,familiar,184,5.639817904808567,470.0
After ICA,Frontal ROI,familiar,185,0.24055281521911442,331.0
After ICA,Frontal ROI,familiar,186,7.952099457431795,490.0
After ICA,Frontal ROI,familiar,187,-10.348436289705868,300.0
After ICA,Frontal ROI,familiar,188,-10.184924605486698,481.0
After ICA,Frontal ROI,familiar,189,3.8004573092371348,378.0
After ICA,Frontal ROI,familiar,190,5.324839461700629,457.0
After ICA,Frontal ROI,familiar,191,-3.705282576235424,500.0
After ICA,Frontal ROI,familiar,192,0.6287510310353536,300.0
After ICA,Frontal ROI,familiar,193,-0.7696851065609388,438.0
After ICA,Frontal ROI,familiar,194,-4.180226339229001,456.0
After ICA,Frontal ROI,familiar,195,-4.306333682704546,356.0
After ICA,Frontal ROI,familiar,196,10.112070574193261,422.0
After ICA,Frontal ROI,familiar,197,49.547983736868744,388.0
After ICA,Frontal ROI,familiar,198,-7.609004525161323,373.0
After ICA,Frontal ROI,familiar,199,-11.678284049291387,334.0
After ICA,Frontal ROI,familiar,200,-10.78651474181778,396.0
After ICA,Frontal ROI,familiar,201,-7.576136810475246,495.0
After ICA,Frontal ROI,familiar,202,7.7341050902015445,453.0
After ICA,Frontal ROI,familiar,203,-6.4315334871775836,384.0
After ICA,Frontal ROI,familiar,204,-4.435778539709424,436.0
After ICA,Frontal ROI,familiar,205,-1.003418075476349,443.0
After ICA,Frontal ROI,familiar,206,6.52339132077749,320.0
After ICA,Frontal ROI,familiar,207,-10.46842506524957,339.0
After ICA,Frontal ROI,familiar,208,-10.138562671297361,326.0
After ICA,Frontal ROI,familiar,209,10.93000769541929,395.0
After ICA,Frontal ROI,familiar,210,-2.2703256796327502,495.0
After ICA,Frontal ROI,familiar,211,3.715128271880495,360.0
After ICA,Frontal ROI,familiar,212,-56.64163445094466,311.0
After ICA,Frontal ROI,familiar,213,4.920319077777789,401.0
After ICA,Frontal ROI,familiar,214,3.0203441369170543,500.0
After ICA,Frontal ROI,familiar,215,0.4254661540778302,486.0
After ICA,Frontal ROI,familiar,216,-10.921334085018323,408.0
After ICA,Frontal ROI,familiar,217,-3.896135106523704,328.0
After ICA,Frontal ROI,familiar,218,-7.999819801503662,307.0
After ICA,Frontal ROI,familiar,219,-3.0410928828143535,493.0
After ICA,Frontal ROI,familiar,220,-13.47139655780969,325.0
After ICA,Frontal ROI,familiar,221,5.881534544583081,309.0
After ICA,Frontal ROI,familiar,222,3.934313402112082,491.0
After ICA,Frontal ROI,familiar,223,20.789071510896814,492.0
After ICA,Frontal ROI,familiar,224,-0.20631106492945286,343.0
After ICA,Frontal ROI,familiar,225,16.574688035210848,395.0
After ICA,Frontal ROI,familiar,226,-8.316002924107657,459.0
After ICA,Frontal ROI,familiar,227,6.300483032774729,344.0
After ICA,Frontal ROI,familiar,228,-0.06144468738454325,497.0
After ICA,Frontal ROI,familiar,229,-6.074783830583123,387.0
After ICA,Frontal ROI,familiar,230,0.696042008750783,429.0
After ICA,Frontal ROI,familiar,231,8.391578039513615,442.0
After ICA,Frontal ROI,familiar,232,9.093409279283447,323.0
After ICA,Frontal ROI,familiar,233,-1.2412261263649196,382.0
After ICA,Frontal ROI,familiar,234,-13.790339201057064,305.0
After ICA,Frontal ROI,familiar,235,-14.146902590474408,449.0
After ICA,Frontal ROI,familiar,236,0.12231018442293837,399.0
After ICA,Frontal ROI,familiar,237,-8.62762670318094,500.0
After ICA,Frontal ROI,familiar,238,2.485302264419573,305.0
After ICA,Frontal ROI,familiar,239,-2.2966484721547333,352.0
After ICA,Frontal ROI,familiar,240,6.299532682601684,439.0
After ICA,Frontal ROI,familiar,241,-10.514338134064797,419.0
After ICA,Frontal ROI,familiar,242,-28.230282247258152,489.0
After ICA,Frontal ROI,familiar,243,-6.425611977949,309.0
After ICA,Frontal ROI,familiar,244,-5.497358797954393,434.0
After ICA,Frontal ROI,familiar,245,3.3551484949152512,374.0
After ICA,Frontal ROI,familiar,246,-12.574238072904048,452.0
After ICA,Frontal ROI,familiar,247,3.9208889034126355,376.0
After ICA,Frontal ROI,familiar,248,-17.4913616133081,305.0
After ICA,Frontal ROI,familiar,249,6.262544143841251,378.0
After ICA,Frontal ROI,familiar,250,-4.271927142454886,316.0
After ICA,Frontal ROI,familiar,251,5.404957754556832,346.0
After ICA,Frontal ROI,familiar,252,7.582406150901605,414.0
After ICA,Frontal ROI,familiar,253,3.8459038181158096,500.0
After ICA,Frontal ROI,familiar,254,14.449261947663334,361.0
After ICA,Frontal ROI,familiar,255,7.717500833740791,468.0
After ICA,Frontal ROI,familiar,256,-0.7054138325112514,490.0
After ICA,Frontal ROI,familiar,257,15.84650401543089,356.0
After ICA,Frontal ROI,familiar,258,-24.580776286970796,350.0
After ICA,Frontal ROI,familiar,259,-23.90132631368992,319.0
After ICA,Frontal ROI,familiar,260,-5.686403450385354,381.0
After ICA,Frontal ROI,familiar,261,1.337236178070239,388.0
After ICA,Frontal ROI,familiar,262,3.841275006424066,426.0
After ICA,Frontal ROI,familiar,263,1.0779400447607443,464.0
After ICA,Frontal ROI,familiar,264,0.4503479172777083,500.0
After ICA,Frontal ROI,familiar,265,-5.145095434591736,435.0
After ICA,Frontal ROI,familiar,266,7.083626365732253,478.0
After ICA,Frontal ROI,familiar,267,5.781759541565269,412.0
After ICA,Frontal ROI,familiar,268,-0.000814801932897378,455.0
After ICA,Frontal ROI,familiar,269,8.645652212701409,494.0
After ICA,Frontal ROI,familiar,270,-6.91984480179278,473.0
After ICA,Frontal ROI,familiar,271,2.3259337184291162,468.0
After ICA,Frontal ROI,familiar,272,-0.04973569171144645,403.0
After ICA,Frontal ROI,familiar,273,-8.534575806512992,463.0
After ICA,Frontal ROI,familiar,274,-16.544863813073597,432.0
After ICA,Frontal ROI,familiar,275,-3.9822510686717436,453.0
After ICA,Frontal ROI,familiar,276,5.084133855247886,432.0
After ICA,Frontal ROI,familiar,277,13.48018985800559,476.0
After ICA,Frontal ROI,familiar,278,10.764912130098999,350.0
After ICA,Frontal ROI,familiar,279,7.195286094418907,329.0
After ICA,Frontal ROI,familiar,280,7.620013915733811,440.0
After ICA,Frontal ROI,familiar,281,-5.698421614201049,485.0
After ICA,Frontal ROI,familiar,282,1.7054423698570353,429.0
After ICA,Frontal ROI,familiar,283,4.271856139044599,341.0
After ICA,Frontal ROI,familiar,284,-11.570642655384091,350.0
After ICA,Frontal ROI,familiar,285,0.5074399394696611,402.0
After ICA,Frontal ROI,familiar,286,-6.553172590247618,394.0
After ICA,Frontal ROI,familiar,287,0.888966643430348,313.0
After ICA,Frontal ROI,familiar,288,-0.5578635836462826,382.0
After ICA,Frontal ROI,familiar,289,-6.654891849670425,465.0
After ICA,Frontal ROI,familiar,290,7.957238706539386,474.0
After ICA,Frontal ROI,familiar,291,-6.45757609112147,346.0
After ICA,Frontal ROI,familiar,292,8.468120774592741,357.0
After ICA,Frontal ROI,familiar,293,7.542460475939209,300.0
After ICA,Frontal ROI,familiar,294,7.757432137442941,479.0
After ICA,Frontal ROI,familiar,295,-0.04193779674719119,397.0
After ICA,Frontal ROI,familiar,296,-9.402361346773027,348.0
After ICA,Frontal ROI,familiar,297,-5.386559557945089,311.0
After ICA,Frontal ROI,familiar,298,-18.448831010379408,359.0
After ICA,Frontal ROI,familiar,299,-11.102361815780812,390.0
After ICA,Frontal ROI,familiar,300,-1.5869581491110443,349.0
After ICA,Frontal ROI,familiar,301,-0.4360893267775633,452.0
After ICA,Frontal ROI,familiar,302,0.9968416378848304,465.0
After ICA,Frontal ROI,familiar,303,-5.830389046267884,485.0
After ICA,Frontal ROI,familiar,304,-20.709364739392612,303.0
After ICA,Frontal ROI,familiar,305,6.813903478860918,348.0
After ICA,Frontal ROI,familiar,306,8.753195995031197,389.0
After ICA,Frontal ROI,familiar,307,23.919104520246236,311.0
After ICA,Frontal ROI,familiar,308,-2.897740402777222,300.0
After ICA,Frontal ROI,familiar,309,-4.982738940014522,357.0
After ICA,Frontal ROI,familiar,310,-3.261944255770702,374.0
After ICA,Frontal ROI,familiar,311,6.606313790926774,464.0
After ICA,Frontal ROI,familiar,312,3.8071586851278614,497.0
After ICA,Frontal ROI,familiar,313,6.711304840730723,468.0
After ICA,Frontal ROI,familiar,314,-4.309619307079505,381.0
After ICA,Frontal ROI,familiar,315,2.503582026978428,303.0
After ICA,Frontal ROI,familiar,316,0.35164518292345914,495.0
After ICA,Frontal ROI,familiar,317,12.271872477342194,449.0
After ICA,Frontal ROI,familiar,318,10.851303808388273,400.0
After ICA,Frontal ROI,familiar,319,10.677412209304794,300.0
After ICA,Frontal ROI,familiar,320,5.874056486603944,476.0
After ICA,Frontal ROI,familiar,321,16.301688939398925,467.0
After ICA,Frontal ROI,familiar,322,21.747164295881284,447.0
After ICA,Frontal ROI,familiar,323,11.86454195307912,500.0
After ICA,Frontal ROI,familiar,324,10.78357234402006,484.0
After ICA,Frontal ROI,familiar,325,6.076744900881017,451.0
After ICA,Frontal ROI,familiar,326,5.17719684370925,338.0
After ICA,Frontal ROI,familiar,327,10.717414133720691,454.0
After ICA,Frontal ROI,familiar,328,-14.271002299503325,500.0
After ICA,Frontal ROI,familiar,329,9.665439625562492,300.0
After ICA,Frontal ROI,familiar,330,10.668837997295846,482.0
After ICA,Frontal ROI,familiar,331,-2.1693218286327594,413.0
After ICA,Frontal ROI,familiar,332,7.632481308595978,357.0
After ICA,Frontal ROI,familiar,333,3.175697239021644,380.0
After ICA,Frontal ROI,familiar,334,-4.645532494404648,445.0
After ICA,Frontal ROI,familiar,335,7.8658467197236845,412.0
After ICA,Frontal ROI,familiar,336,3.143783400744727,321.0
After ICA,Frontal ROI,familiar,337,4.504771273006423,380.0
After ICA,Frontal ROI,familiar,338,20.007063500445017,478.0
After ICA,Frontal ROI,familiar,339,4.265388311591804,426.0
After ICA,Frontal ROI,familiar,340,2.7023758463781458,475.0
After ICA,Frontal ROI,familiar,341,-3.529031253300287,359.0
After ICA,Frontal ROI,familiar,342,2.315351325788605,356.0
After ICA,Frontal ROI,familiar,343,2.723628281588952,430.0
After ICA,Frontal ROI,familiar,344,-3.679271844585611,364.0
After ICA,Frontal ROI,familiar,345,-5.907080750603106,426.0
After ICA,Frontal ROI,familiar,346,1.034793295725224,304.0
After ICA,Frontal ROI,familiar,347,-6.103446469366886,411.0
After ICA,Frontal ROI,familiar,348,-6.9392002606139265,337.0
After ICA,Frontal ROI,familiar,349,1.484680196566888,366.0
After ICA,Frontal ROI,familiar,350,-2.7075434782187693,438.0
After ICA,Frontal ROI,familiar,351,-2.591136525167746,304.0
After ICA,Frontal ROI,familiar,352,2.630012851416249,353.0
After ICA,Frontal ROI,familiar,353,-10.189684365276722,335.0
After ICA,Frontal ROI,familiar,354,0.6781406348908636,330.0
After ICA,Frontal ROI,familiar,355,8.778847897614122,306.0
After ICA,Frontal ROI,familiar,356,2.186045564847751,400.0
After ICA,Frontal ROI,familiar,357,-3.711383942215052,387.0
After ICA,Frontal ROI,familiar,358,8.12803948219465,482.0
After ICA,Frontal ROI,familiar,359,3.389909714095054,446.0
After ICA,Frontal ROI,familiar,360,-7.617035410287357,408.0
After ICA,Frontal ROI,familiar,361,-7.306154939099153,387.0
After ICA,Frontal ROI,familiar,362,-2.2746815892489205,445.0
After ICA,Frontal ROI,familiar,363,4.937560902436742,355.0
After ICA,Frontal ROI,familiar,364,-4.70387160577819,300.0
After ICA,Frontal ROI,familiar,365,-7.303761419634083,304.0
After ICA,Frontal ROI,familiar,366,-40.831325100353716,412.0
After ICA,Frontal ROI,familiar,367,-4.805890461328144,428.0
After ICA,Frontal ROI,familiar,368,1.93305996142466,333.0
After ICA,Frontal ROI,familiar,369,6.0471598858057565,403.0
After ICA,Frontal ROI,familiar,370,2.4295063490305933,364.0
After ICA,Frontal ROI,familiar,371,14.864106000742739,433.0
After ICA,Frontal ROI,familiar,372,-1.521924251729491,451.0
After ICA,Frontal ROI,familiar,373,-9.00770988939591,356.0
After ICA,Frontal ROI,familiar,374,-6.013990885215857,333.0
After ICA,Frontal ROI,familiar,375,-7.660254803638789,404.0
After ICA,Frontal ROI,familiar,376,-1.3165675885613408,321.0
After ICA,Frontal ROI,familiar,377,12.405051438183479,474.0
After ICA,Frontal ROI,familiar,378,0.23847498109043136,352.0
After ICA,Frontal ROI,familiar,379,12.110970824778127,383.0
After ICA,Frontal ROI,familiar,380,-1.9839031777977074,481.0
After ICA,Frontal ROI,familiar,381,-3.3672701991642584,480.0
After ICA,Frontal ROI,familiar,382,11.767701887911569,338.0
After ICA,Frontal ROI,familiar,383,-8.138389740460639,347.0
After ICA,Frontal ROI,familiar,384,1.869801229764787,417.0
After ICA,Frontal ROI,familiar,385,3.612109502059723,341.0
After ICA,Frontal ROI,familiar,386,-9.376693373190701,301.0
After ICA,Frontal ROI,familiar,387,-14.938720425431304,379.0
After ICA,Frontal ROI,familiar,388,-7.558407608815527,346.0
After ICA,Frontal ROI,familiar,389,-7.346126641144242,359.0
After ICA,Frontal ROI,familiar,390,2.39342491116733,405.0
After ICA,Frontal ROI,familiar,391,2.254981279825378,375.0
After ICA,Frontal ROI,familiar,392,-6.325892974123049,425.0
After ICA,Frontal ROI,familiar,393,-6.129063688256971,300.0
After ICA,Frontal ROI,familiar,394,-6.993052946416732,482.0
After ICA,Frontal ROI,familiar,395,-9.164180360106409,386.0
After ICA,Frontal ROI,familiar,396,-10.274645995497098,406.0
After ICA,Frontal ROI,familiar,397,-13.579788718626922,416.0
After ICA,Frontal ROI,familiar,398,-10.490771076284439,378.0
After ICA,Frontal ROI,familiar,399,21.76084207214212,308.0
After ICA,Frontal ROI,familiar,400,-8.062719844736003,366.0
After ICA,Frontal ROI,familiar,401,8.332777876639263,470.0
After ICA,Frontal ROI,familiar,402,-2.6731619548247085,445.0
After ICA,Frontal ROI,familiar,403,-12.094000622602305,338.0
After ICA,Frontal ROI,familiar,404,-5.825880110278436,499.0
After ICA,Frontal ROI,familiar,405,11.227375093077836,462.0
After ICA,Frontal ROI,familiar,406,-1.0578205813947765,316.0
After ICA,Frontal ROI,familiar,407,11.03506637964141,446.0
After ICA,Frontal ROI,familiar,408,0.22627111388408505,339.0
After ICA,Frontal ROI,familiar,409,0.1392647144990773,353.0
After ICA,Frontal ROI,familiar,410,6.207054801123643,375.0
After ICA,Frontal ROI,familiar,411,3.761144425089325,355.0
After ICA,Frontal ROI,familiar,412,2.7201579407331975,386.0
After ICA,Frontal ROI,familiar,413,8.519382015702204,496.0
After ICA,Frontal ROI,familiar,414,-11.500962211413642,306.0
After ICA,Frontal ROI,familiar,415,-13.074119368121394,500.0
After ICA,Frontal ROI,familiar,416,-3.110041105417057,308.0
After ICA,Frontal ROI,familiar,417,-0.7978137256899138,402.0
After ICA,Frontal ROI,familiar,418,-3.186991280448652,500.0
After ICA,Frontal ROI,familiar,419,4.443001185871334,423.0
After ICA,Frontal ROI,familiar,420,-6.970395843290722,434.0
After ICA,Frontal ROI,familiar,421,-4.219163501555339,468.0
After ICA,Frontal ROI,familiar,422,8.706417838605233,387.0
After ICA,Frontal ROI,familiar,423,5.385755368861977,344.0
After ICA,Frontal ROI,familiar,424,2.1882482034509185,397.0
After ICA,Frontal ROI,familiar,425,2.51744691906844,442.0
After ICA,Frontal ROI,familiar,426,-2.8826897008224535,435.0
After ICA,Frontal ROI,familiar,427,-2.452967898863159,463.0
After ICA,Frontal ROI,familiar,428,6.198784510206465,500.0
After ICA,Frontal ROI,familiar,429,-0.38921211695239355,330.0
After ICA,Frontal ROI,familiar,430,-2.4984351544901484,300.0
After ICA,Frontal ROI,familiar,431,4.347586489959067,463.0
After ICA,Frontal ROI,familiar,432,-0.955768913203001,307.0
After ICA,Frontal ROI,familiar,433,6.829155979079408,484.0
After ICA,Frontal ROI,familiar,434,6.4265862271613505,379.0
After ICA,Frontal ROI,familiar,435,-2.7610822066040375,392.0
After ICA,Frontal ROI,familiar,436,2.823846826396814,487.0
After ICA,Frontal ROI,familiar,437,-4.4270990806737425,308.0
After ICA,Frontal ROI,familiar,438,-6.153718356443188,340.0
After ICA,Frontal ROI,familiar,439,-6.813566095062624,345.0
After ICA,Frontal ROI,familiar,440,-18.035307434908788,308.0
After ICA,Frontal ROI,familiar,441,-5.287609383330445,410.0
After ICA,Frontal ROI,familiar,442,3.7494424900382977,392.0
After ICA,Frontal ROI,familiar,443,-5.811169605452747,460.0
After ICA,Frontal ROI,familiar,444,7.6852255492057076,450.0
After ICA,Frontal ROI,familiar,445,-6.605343013698401,436.0
After ICA,Frontal ROI,familiar,446,-10.714290288450568,481.0
After ICA,Frontal ROI,familiar,447,8.026815763077893,419.0
After ICA,Frontal ROI,familiar,448,23.396089282011193,346.0
After ICA,Frontal ROI,familiar,449,9.657482022933829,348.0
After ICA,Frontal ROI,familiar,450,31.448511684024993,320.0
After ICA,Frontal ROI,familiar,451,-3.7332635976175883,340.0
After ICA,Frontal ROI,familiar,452,4.286826490761607,378.0
After ICA,Frontal ROI,familiar,453,-5.8376399899603335,351.0
After ICA,Frontal ROI,familiar,454,8.778042670578088,325.0
After ICA,Frontal ROI,familiar,455,-155.531510385846,448.0
After ICA,Frontal ROI,familiar,456,17.447685645854172,308.0
After ICA,Frontal ROI,familiar,457,15.512847719466302,424.0
After ICA,Frontal ROI,familiar,458,11.79870338284384,311.0
After ICA,Frontal ROI,familiar,459,-16.089992147714,344.0
After ICA,Frontal ROI,familiar,460,-12.626532744992302,369.0
After ICA,Frontal ROI,familiar,461,-15.065250242751238,397.0
After ICA,Frontal ROI,familiar,462,0.9927421723407056,325.0
After ICA,Frontal ROI,familiar,463,-1.2365747747201123,314.0
After ICA,Frontal ROI,familiar,464,4.910285505311986,420.0
After ICA,Frontal ROI,familiar,465,9.10993487582487,454.0
After ICA,Frontal ROI,familiar,466,-9.472221741837085,344.0
After ICA,Frontal ROI,familiar,467,-10.706364319686774,300.0
After ICA,Frontal ROI,familiar,468,-12.771978816646419,325.0
After ICA,Frontal ROI,familiar,469,-12.680127860685042,300.0
After ICA,Frontal ROI,familiar,470,4.222168754627622,348.0
After ICA,Frontal ROI,familiar,471,-1.9298008536791613,396.0
After ICA,Frontal ROI,familiar,472,-3.4745943640309296,466.0
After ICA,Frontal ROI,familiar,473,9.893309939598604,446.0
After ICA,Frontal ROI,familiar,474,6.809455164756789,352.0
After ICA,Frontal ROI,familiar,475,2.185617075300153,313.0
After ICA,Frontal ROI,familiar,476,9.992898481730675,300.0
After ICA,Frontal ROI,familiar,477,8.26918857138291,361.0
After ICA,Frontal ROI,familiar,478,10.212780864297997,453.0
After ICA,Frontal ROI,familiar,479,12.695725589064095,309.0
After ICA,Frontal ROI,familiar,480,3.712810932471244,461.0
After ICA,Frontal ROI,familiar,481,10.948159641345448,489.0
After ICA,Frontal ROI,familiar,482,3.872991611793154,401.0
After ICA,Frontal ROI,familiar,483,5.985066656019001,440.0
After ICA,Frontal ROI,familiar,484,13.568458838378598,485.0
After ICA,Frontal ROI,familiar,485,8.207473047515187,489.0
After ICA,Frontal ROI,familiar,486,-8.573164655018426,393.0
After ICA,Frontal ROI,familiar,487,4.946353077402312,369.0
After ICA,Frontal ROI,familiar,488,0.12248901688268087,362.0
After ICA,Frontal ROI,familiar,489,7.6903968294673835,497.0
After ICA,Frontal ROI,familiar,490,13.978506938952293,419.0
After ICA,Frontal ROI,familiar,491,3.586399018280808,499.0
After ICA,Frontal ROI,familiar,492,0.14661270347753597,302.0
After ICA,Frontal ROI,familiar,493,9.047978632296278,485.0
After ICA,Frontal ROI,familiar,494,4.98532389683164,465.0
After ICA,Frontal ROI,familiar,495,8.32560951614262,442.0
After ICA,Frontal ROI,familiar,496,4.851249599737701,452.0
After ICA,Frontal ROI,familiar,497,8.445833653641934,442.0
After ICA,Frontal ROI,familiar,498,7.189998821690521,319.0
After ICA,Frontal ROI,familiar,499,3.0293915919358243,373.0
After ICA,Frontal ROI,familiar,500,4.638164616450936,330.0
After ICA,Frontal ROI,familiar,501,-8.344214225350061,382.0
After ICA,Frontal ROI,familiar,502,-8.906573650919798,480.0
After ICA,Frontal ROI,familiar,503,-3.3104831416004927,482.0
After ICA,Frontal ROI,familiar,504,-10.103807872274949,404.0
After ICA,Frontal ROI,familiar,505,2.328414891137951,386.0
After ICA,Frontal ROI,familiar,506,5.038890514740481,326.0
After ICA,Frontal ROI,familiar,507,-2.8759782472550484,499.0
After ICA,Frontal ROI,familiar,508,2.8616642528005856,323.0
After ICA,Frontal ROI,familiar,509,26.487644208723,493.0
After ICA,Frontal ROI,familiar,510,-0.4886880881919011,372.0
After ICA,Frontal ROI,familiar,511,18.34578475324284,307.0
After ICA,Frontal ROI,familiar,512,-3.1626873902839376,359.0
After ICA,Frontal ROI,familiar,513,4.516812660013782,423.0
After ICA,Frontal ROI,familiar,514,1.934612325155585,500.0
After ICA,Frontal ROI,familiar,515,-34.116376399252715,406.0
After ICA,Frontal ROI,familiar,516,-7.083873794870006,380.0
After ICA,Frontal ROI,familiar,517,3.1198007812937836,457.0
After ICA,Frontal ROI,familiar,518,-1.2693651785021847,321.0
After ICA,Frontal ROI,familiar,519,-4.387824788591913,418.0
After ICA,Frontal ROI,familiar,520,6.484796159956841,483.0
After ICA,Frontal ROI,familiar,521,6.661190291259656,455.0
After ICA,Frontal ROI,familiar,522,-19.071785125985567,355.0
After ICA,Frontal ROI,familiar,523,7.848382561512815,357.0
After ICA,Frontal ROI,familiar,524,10.126366271046606,489.0
After ICA,Frontal ROI,familiar,525,0.42639478030927086,329.0
After ICA,Frontal ROI,familiar,526,4.028784898476422,359.0
After ICA,Frontal ROI,familiar,527,6.773986157748392,317.0
After ICA,Frontal ROI,familiar,528,1.016825138961213,488.0
After ICA,Frontal ROI,familiar,529,8.813905996923715,337.0
After ICA,Frontal ROI,familiar,530,-12.532251020339897,466.0
After ICA,Frontal ROI,familiar,531,-7.042180745636436,487.0
After ICA,Frontal ROI,familiar,532,-3.580037032900759,300.0
After ICA,Frontal ROI,familiar,533,-4.566057510758767,405.0
After ICA,Frontal ROI,familiar,534,1.216956691676902,302.0
After ICA,Frontal ROI,familiar,535,0.6036266676605193,471.0
After ICA,Frontal ROI,familiar,536,-7.119659689423837,355.0
After ICA,Frontal ROI,familiar,537,5.386688852016119,307.0
After ICA,Frontal ROI,familiar,538,4.7154233689464995,361.0
After ICA,Frontal ROI,familiar,539,9.234262912034211,395.0
After ICA,Frontal ROI,familiar,540,9.873866928224293,425.0
After ICA,Frontal ROI,familiar,541,7.764966964237709,401.0
After ICA,Frontal ROI,familiar,542,3.79412193595556,311.0
After ICA,Frontal ROI,familiar,543,5.3442892747344555,400.0
After ICA,Frontal ROI,familiar,544,20.150508417032903,300.0
After ICA,Frontal ROI,familiar,545,-7.742448234497921,492.0
After ICA,Frontal ROI,familiar,546,-0.913639787687214,401.0
After ICA,Frontal ROI,familiar,547,9.49999895729463,339.0
After ICA,Frontal ROI,familiar,548,4.019586685156101,347.0
After ICA,Frontal ROI,familiar,549,22.77227282286611,436.0
After ICA,Frontal ROI,familiar,550,14.012337343070113,367.0
After ICA,Frontal ROI,familiar,551,4.594474741477411,387.0
After ICA,Frontal ROI,familiar,552,-12.32986152780989,307.0
After ICA,Frontal ROI,familiar,553,-1.3316439381397,431.0
After ICA,Frontal ROI,familiar,554,-0.8697692805419203,340.0
After ICA,Frontal ROI,familiar,555,-5.625884204413917,396.0
After ICA,Frontal ROI,familiar,556,-0.07298052903669215,307.0
After ICA,Frontal ROI,familiar,557,22.207496708060905,467.0
After ICA,Frontal ROI,familiar,558,13.955347707787395,387.0
After ICA,Frontal ROI,familiar,559,4.823517699708967,343.0
After ICA,Frontal ROI,familiar,560,-2.718181154155678,464.0
After ICA,Frontal ROI,familiar,561,7.148862581913672,435.0
After ICA,Frontal ROI,familiar,562,-6.133197398828633,466.0
After ICA,Frontal ROI,familiar,563,0.8959257370763517,483.0
After ICA,Frontal ROI,familiar,564,18.309079238861106,459.0
After ICA,Frontal ROI,familiar,565,-9.917360224208357,391.0
After ICA,Frontal ROI,familiar,566,-2.593899923671366,323.0
After ICA,Frontal ROI,familiar,567,7.764163001926918,356.0
After ICA,Frontal ROI,familiar,568,12.938962047245456,330.0
After ICA,Frontal ROI,familiar,569,11.602332227111168,325.0
After ICA,Frontal ROI,familiar,570,3.929681930385893,421.0
After ICA,Frontal ROI,familiar,571,-8.050296299614335,308.0
After ICA,Frontal ROI,familiar,572,-2.9874547836709326,417.0
After ICA,Frontal ROI,familiar,573,5.027742879497925,482.0
After ICA,Frontal ROI,familiar,574,7.274072812569133,409.0
After ICA,Frontal ROI,familiar,575,-1.924634112109741,398.0
After ICA,Frontal ROI,familiar,576,11.636272349366646,438.0
After ICA,Frontal ROI,familiar,577,7.233685965673526,354.0
After ICA,Frontal ROI,familiar,578,-0.1062714801441405,467.0
After ICA,Frontal ROI,familiar,579,-5.398436935784082,449.0
After ICA,Frontal ROI,familiar,580,9.305366408456042,483.0
After ICA,Frontal ROI,familiar,581,6.780927883799741,472.0
After ICA,Frontal ROI,familiar,582,7.963961992995617,416.0
After ICA,Frontal ROI,new,0,-2.602466232502834,359.0
After ICA,Frontal ROI,new,1,-10.996868556469579,452.0
After ICA,Frontal ROI,new,2,5.303762962035954,500.0
After ICA,Frontal ROI,new,3,-3.2012114095367155,340.0
After ICA,Frontal ROI,new,4,-4.67661981528824,425.0
After ICA,Frontal ROI,new,5,-2.358260913566621,481.0
After ICA,Frontal ROI,new,6,-11.077601516044,379.0
After ICA,Frontal ROI,new,7,-2.4025415920844364,354.0
After ICA,Frontal ROI,new,8,-5.139768360225957,363.0
After ICA,Frontal ROI,new,9,-2.3353950188725947,332.0
After ICA,Frontal ROI,new,10,-8.618488729625925,369.0
After ICA,Frontal ROI,new,11,-14.469379998144245,356.0
After ICA,Frontal ROI,new,12,-4.303257378446802,307.0
After ICA,Frontal ROI,new,13,-3.8386384728677334,478.0
After ICA,Frontal ROI,new,14,3.9122825522468947,340.0
After ICA,Frontal ROI,new,15,-6.843614157030988,474.0
After ICA,Frontal ROI,new,16,0.36383866306531515,300.0
After ICA,Frontal ROI,new,17,1.451420187251048,419.0
After ICA,Frontal ROI,new,18,-9.283308051008552,414.0
After ICA,Frontal ROI,new,19,-3.152189433516188,446.0
After ICA,Frontal ROI,new,20,-10.4011412310198,466.0
After ICA,Frontal ROI,new,21,-7.195262384298123,425.0
After ICA,Frontal ROI,new,22,-7.181325723917855,474.0
After ICA,Frontal ROI,new,23,8.330684004207653,402.0
After ICA,Frontal ROI,new,24,-5.9796583298185855,455.0
After ICA,Frontal ROI,new,25,-9.974921877165494,300.0
After ICA,Frontal ROI,new,26,-7.8796824147203814,397.0
After ICA,Frontal ROI,new,27,-10.879418242375959,457.0
After ICA,Frontal ROI,new,28,-25.67207366775156,304.0
After ICA,Frontal ROI,new,29,13.012508672016882,484.0
After ICA,Frontal ROI,new,30,-12.787956153593358,500.0
After ICA,Frontal ROI,new,31,7.5749275697582075,462.0
After ICA,Frontal ROI,new,32,-7.5862615499163235,435.0
After ICA,Frontal ROI,new,33,-14.418885210000802,384.0
After ICA,Frontal ROI,new,34,4.754136683602269,488.0
After ICA,Frontal ROI,new,35,-8.127056478957853,331.0
After ICA,Frontal ROI,new,36,-7.794962370325862,339.0
After ICA,Frontal ROI,new,37,-2.2658416362805047,346.0
After ICA,Frontal ROI,new,38,3.808069001115221,429.0
After ICA,Frontal ROI,new,39,6.9436970013042085,496.0
After ICA,Frontal ROI,new,40,2.1954676265859305,439.0
After ICA,Frontal ROI,new,41,10.986846925349214,365.0
After ICA,Frontal ROI,new,42,5.834745524761532,341.0
After ICA,Frontal ROI,new,43,5.554982364766995,399.0
After ICA,Frontal ROI,new,44,15.165596573823441,369.0
After ICA,Frontal ROI,new,45,22.703905556749483,415.0
After ICA,Frontal ROI,new,46,2.215703446174015,345.0
After ICA,Frontal ROI,new,47,-8.922025281338536,486.0
After ICA,Frontal ROI,new,48,-3.9040337976136907,308.0
After ICA,Frontal ROI,new,49,-17.949850027173703,500.0
After ICA,Frontal ROI,new,50,-0.7681511507133335,408.0
After ICA,Frontal ROI,new,51,-9.451629012522652,316.0
After ICA,Frontal ROI,new,52,7.634537451087154,480.0
After ICA,Frontal ROI,new,53,-3.1114252976087706,355.0
After ICA,Frontal ROI,new,54,4.062126596066209,464.0
After ICA,Frontal ROI,new,55,-2.5265253995177646,476.0
After ICA,Frontal ROI,new,56,7.262026020760947,455.0
After ICA,Frontal ROI,new,57,5.944577387455973,351.0
After ICA,Frontal ROI,new,58,1.8655117880374734,411.0
After ICA,Frontal ROI,new,59,-0.08492879726089347,361.0
After ICA,Frontal ROI,new,60,6.831154105719209,350.0
After ICA,Frontal ROI,new,61,6.3115512060405985,303.0
After ICA,Frontal ROI,new,62,9.33825212967077,355.0
After ICA,Frontal ROI,new,63,6.082225339832251,376.0
After ICA,Frontal ROI,new,64,-10.513222613807573,462.0
After ICA,Frontal ROI,new,65,-6.395620975712284,475.0
After ICA,Frontal ROI,new,66,5.487119830455941,461.0
After ICA,Frontal ROI,new,67,-3.6731548945289947,309.0
After ICA,Frontal ROI,new,68,1.0704693769787568,340.0
After ICA,Frontal ROI,new,69,0.993609344598704,300.0
After ICA,Frontal ROI,new,70,-1.1932327212729161,350.0
After ICA,Frontal ROI,new,71,4.882913922629881,419.0
After ICA,Frontal ROI,new,72,2.662637123175332,491.0
After ICA,Frontal ROI,new,73,4.949700514597128,393.0
After ICA,Frontal ROI,new,74,-3.2226819024862974,454.0
After ICA,Frontal ROI,new,75,0.5397286168291244,499.0
After ICA,Frontal ROI,new,76,-10.574006452122799,397.0
After ICA,Frontal ROI,new,77,-4.17445892984883,495.0
After ICA,Frontal ROI,new,78,3.852830979575829,383.0
After ICA,Frontal ROI,new,79,7.114651261887862,339.0
After ICA,Frontal ROI,new,80,4.380037700539569,461.0
After ICA,Frontal ROI,new,81,10.766609161697975,417.0
After ICA,Frontal ROI,new,82,6.25571609060305,494.0
After ICA,Frontal ROI,new,83,0.6635553783747011,486.0
After ICA,Frontal ROI,new,84,0.12713676022629677,431.0
After ICA,Frontal ROI,new,85,-6.916838568094834,419.0
After ICA,Frontal ROI,new,86,-11.863362212949607,320.0
After ICA,Frontal ROI,new,87,-20.434936955189848,424.0
After ICA,Frontal ROI,new,88,0.503150397883291,335.0
After ICA,Frontal ROI,new,89,7.28993899089652,483.0
After ICA,Frontal ROI,new,90,7.098775819134972,391.0
After ICA,Frontal ROI,new,91,2.270507082921374,498.0
After ICA,Frontal ROI,new,92,10.14994637122611,495.0
After ICA,Frontal ROI,new,93,5.360266465228974,468.0
After ICA,Frontal ROI,new,94,-7.86990147717716,479.0
After ICA,Frontal ROI,new,95,3.033660611795527,476.0
After ICA,Frontal ROI,new,96,8.7466905976104,498.0
After ICA,Frontal ROI,new,97,11.383807125552602,368.0
After ICA,Frontal ROI,new,98,-3.0408966072031256,306.0
After ICA,Frontal ROI,new,99,9.216154445324799,420.0
After ICA,Frontal ROI,new,100,-3.38218724936006,339.0
After ICA,Frontal ROI,new,101,21.146670688434284,482.0
After ICA,Frontal ROI,new,102,-9.717568894643184,447.0
After ICA,Frontal ROI,new,103,-1.7677727961595036,385.0
After ICA,Frontal ROI,new,104,-4.016934194689393,419.0
After ICA,Frontal ROI,new,105,0.9055788406330827,500.0
After ICA,Frontal ROI,new,106,18.12814413147683,474.0
After ICA,Frontal ROI,new,107,-14.31592094823599,328.0
After ICA,Frontal ROI,new,108,4.262507478458805,500.0
After ICA,Frontal ROI,new,109,7.910734568700131,416.0
After ICA,Frontal ROI,new,110,-13.491438495437908,308.0
After ICA,Frontal ROI,new,111,-14.020384761863063,364.0
After ICA,Frontal ROI,new,112,-38.76486482674984,323.0
After ICA,Frontal ROI,new,113,-13.647075362850563,499.0
After ICA,Frontal ROI,new,114,10.916114836615344,499.0
After ICA,Frontal ROI,new,115,11.989483468468684,372.0
After ICA,Frontal ROI,new,116,-4.727952886536888,447.0
After ICA,Frontal ROI,new,117,-0.6722844442515915,454.0
After ICA,Frontal ROI,new,118,-4.04523758806529,339.0
After ICA,Frontal ROI,new,119,12.25410363721128,474.0
After ICA,Frontal ROI,new,120,-0.7040417959315206,483.0
After ICA,Frontal ROI,new,121,-0.8431059867024355,371.0
After ICA,Frontal ROI,new,122,-8.711627334760797,413.0
After ICA,Frontal ROI,new,123,-13.057732393309236,300.0
After ICA,Frontal ROI,new,124,-4.363251868700916,351.0
After ICA,Frontal ROI,new,125,1.0486503632385904,408.0
After ICA,Frontal ROI,new,126,-3.5137915646937303,407.0
After ICA,Frontal ROI,new,127,-5.836285413037784,476.0
After ICA,Frontal ROI,new,128,-9.181972711660997,494.0
After ICA,Frontal ROI,new,129,-6.0251505518940505,376.0
After ICA,Frontal ROI,new,130,0.8219558340815516,461.0
After ICA,Frontal ROI,new,131,-6.132676888340577,304.0
After ICA,Frontal ROI,new,132,2.1690260405706248,311.0
After ICA,Frontal ROI,new,133,-3.2229171868708866,438.0
After ICA,Frontal ROI,new,134,-9.759324829460898,336.0
After ICA,Frontal ROI,new,135,9.682543342747696,324.0
After ICA,Frontal ROI,new,136,-3.6881072283252467,422.0
After ICA,Frontal ROI,new,137,2.0402649097067185,452.0
After ICA,Frontal ROI,new,138,-10.449760748118754,361.0
After ICA,Frontal ROI,new,139,-10.601010142330662,369.0
After ICA,Frontal ROI,new,140,-9.460803642004038,311.0
After ICA,Frontal ROI,new,141,-7.312531669929493,337.0
After ICA,Frontal ROI,new,142,-0.33207579142293503,385.0
After ICA,Frontal ROI,new,143,4.9918290348227465,362.0
After ICA,Frontal ROI,new,144,11.36381643982994,409.0
After ICA,Frontal ROI,new,145,3.7003612518110387,401.0
After ICA,Frontal ROI,new,146,0.3406732360236279,336.0
After ICA,Frontal ROI,new,147,8.93351849103504,474.0
After ICA,Frontal ROI,new,148,0.4787745925624118,425.0
After ICA,Frontal ROI,new,149,1.309077107398608,449.0
After ICA,Frontal ROI,new,150,-8.654270935187263,500.0
After ICA,Frontal ROI,new,151,8.003304729390916,356.0
After ICA,Frontal ROI,new,152,-4.992373563946166,418.0
After ICA,Frontal ROI,new,153,-3.3906650677710943,349.0
After ICA,Frontal ROI,new,154,19.496564905201737,464.0
After ICA,Frontal ROI,new,155,-1.3776669441671154,425.0
After ICA,Frontal ROI,new,156,3.0295511851085792,354.0
After ICA,Frontal ROI,new,157,5.981748287553148,341.0
After ICA,Frontal ROI,new,158,-5.229182329060277,315.0
After ICA,Frontal ROI,new,159,-31.232515315425385,300.0
After ICA,Frontal ROI,new,160,-9.229095365880303,334.0
After ICA,Frontal ROI,new,161,-8.603098544167915,319.0
After ICA,Frontal ROI,new,162,-26.00025921429481,306.0
After ICA,Frontal ROI,new,163,-18.614921744948816,337.0
After ICA,Frontal ROI,new,164,-9.528007494655782,327.0
After ICA,Frontal ROI,new,165,-10.11367537299357,386.0
After ICA,Frontal ROI,new,166,-14.978805656216693,348.0
After ICA,Frontal ROI,new,167,3.82992961087472,500.0
After ICA,Frontal ROI,new,168,-3.690571954549596,329.0
After ICA,Frontal ROI,new,169,0.037453185488583285,368.0
After ICA,Frontal ROI,new,170,6.165180807336743,306.0
After ICA,Frontal ROI,new,171,10.828116830289078,300.0
After ICA,Frontal ROI,new,172,8.375398498122383,354.0
After ICA,Frontal ROI,new,173,7.707227800634572,386.0
After ICA,Frontal ROI,new,174,4.251569053919949,470.0
After ICA,Frontal ROI,new,175,9.434856640055093,426.0
After ICA,Frontal ROI,new,176,12.908539898623252,497.0
After ICA,Frontal ROI,new,177,5.294862146199568,395.0
After ICA,Frontal ROI,new,178,13.291364520776876,481.0
After ICA,Frontal ROI,new,179,7.932018506523804,344.0
After ICA,Frontal ROI,new,180,8.576250735396863,480.0
After ICA,Frontal ROI,new,181,-3.815560724188883,421.0
After ICA,Frontal ROI,new,182,5.763080950230419,472.0
After ICA,Frontal ROI,new,183,0.5055665154044461,326.0
After ICA,Frontal ROI,new,184,-12.121329932338165,500.0
After ICA,Frontal ROI,new,185,8.177311314409803,484.0
After ICA,Frontal ROI,new,186,2.7765827637313056,479.0
After ICA,Frontal ROI,new,187,9.607229697331713,385.0
After ICA,Frontal ROI,new,188,7.031844466298498,493.0
After ICA,Frontal ROI,new,189,-4.078804709604795,300.0
After ICA,Frontal ROI,new,190,1.8146264698628003,388.0
After ICA,Frontal ROI,new,191,-1.2368891557010018,330.0
After ICA,Frontal ROI,new,192,3.877308320703967,500.0
After ICA,Frontal ROI,new,193,-0.3495529073215716,321.0
After ICA,Frontal ROI,new,194,12.554981598856713,488.0
After ICA,Frontal ROI,new,195,6.023402408650481,434.0
After ICA,Frontal ROI,new,196,-1.1097856526458265,430.0
After ICA,Frontal ROI,new,197,-13.789358642194536,418.0
After ICA,Frontal ROI,new,198,-22.39145863645333,450.0
After ICA,Frontal ROI,new,199,-12.65651229461091,300.0
After ICA,Frontal ROI,new,200,39.741738223532295,319.0
After ICA,Frontal ROI,new,201,-9.87184531766862,302.0
After ICA,Frontal ROI,new,202,0.8562184538788579,454.0
After ICA,Frontal ROI,new,203,-4.981810980564098,480.0
After ICA,Frontal ROI,new,204,-2.0918787905881766,413.0
After ICA,Frontal ROI,new,205,-3.011070997995671,363.0
After ICA,Frontal ROI,new,206,-0.08099863082601985,411.0
After ICA,Frontal ROI,new,207,10.781876744135493,371.0
After ICA,Frontal ROI,new,208,0.13453418155912739,349.0
After ICA,Frontal ROI,new,209,-25.101401091707487,331.0
After ICA,Frontal ROI,new,210,-13.763879340365744,500.0
After ICA,Frontal ROI,new,211,-15.447271786606068,484.0
After ICA,Frontal ROI,new,212,4.4827867850320064,475.0
After ICA,Frontal ROI,new,213,13.05303804360518,397.0
After ICA,Frontal ROI,new,214,8.995479550118606,332.0
After ICA,Frontal ROI,new,215,-1.1521423046291805,332.0
After ICA,Frontal ROI,new,216,1.7507226639465554,412.0
After ICA,Frontal ROI,new,217,-10.60161080241919,500.0
After ICA,Frontal ROI,new,218,16.8083103103417,471.0
After ICA,Frontal ROI,new,219,-1.324401316144955,300.0
After ICA,Frontal ROI,new,220,8.228412914874529,472.0
After ICA,Frontal ROI,new,221,7.9172096716554705,409.0
After ICA,Frontal ROI,new,222,3.3978692139974105,453.0
After ICA,Frontal ROI,new,223,6.5050501615881355,460.0
After ICA,Frontal ROI,new,224,13.579243168082044,410.0
After ICA,Frontal ROI,new,225,2.0000782369556203,451.0
After ICA,Frontal ROI,new,226,3.2594216391467756,482.0
After ICA,Frontal ROI,new,227,0.7635931632557681,345.0
After ICA,Frontal ROI,new,228,2.1377602325588665,475.0
After ICA,Frontal ROI,new,229,3.187311132763586,327.0
After ICA,Frontal ROI,new,230,1.0658095022373535,438.0
After ICA,Frontal ROI,new,231,-4.312256093635488,314.0
After ICA,Frontal ROI,new,232,2.434251303825853,426.0
After ICA,Frontal ROI,new,233,11.789964598596024,404.0
After ICA,Frontal ROI,new,234,-6.857223057505529,421.0
After ICA,Frontal ROI,new,235,96.78581627169311,432.0
After ICA,Frontal ROI,new,236,-3.2850040446435878,426.0
After ICA,Frontal ROI,new,237,-0.5134928601897333,467.0
After ICA,Frontal ROI,new,238,4.43804665890762,320.0
After ICA,Frontal ROI,new,239,3.491405303662768,437.0
After ICA,Frontal ROI,new,240,-11.591528803004346,466.0
After ICA,Frontal ROI,new,241,8.208009592414436,500.0
After ICA,Frontal ROI,new,242,1.9751975723261972,500.0
After ICA,Frontal ROI,new,243,-0.9937475169291046,489.0
After ICA,Frontal ROI,new,244,-34.44416726035284,431.0
After ICA,Frontal ROI,new,245,-6.64317802714414,439.0
After ICA,Frontal ROI,new,246,-4.4062115726161375,500.0
After ICA,Frontal ROI,new,247,2.7837617519807316,349.0
After ICA,Frontal ROI,new,248,-4.941892209360908,392.0
After ICA,Frontal ROI,new,249,-3.294097822674849,337.0
After ICA,Frontal ROI,new,250,1.030266486562119,325.0
After ICA,Frontal ROI,new,251,4.473501653238579,372.0
After ICA,Frontal ROI,new,252,-0.2843161907521065,404.0
After ICA,Frontal ROI,new,253,12.435885944286513,394.0
After ICA,Frontal ROI,new,254,8.893230488308038,354.0
After ICA,Frontal ROI,new,255,-5.415340717286626,474.0
After ICA,Frontal ROI,new,256,-3.0198382002464994,373.0
After ICA,Frontal ROI,new,257,2.5750638886145683,426.0
After ICA,Frontal ROI,new,258,12.752991067118181,500.0
After ICA,Frontal ROI,new,259,14.83860001221588,429.0
After ICA,Frontal ROI,new,260,0.9722796929814732,391.0
After ICA,Frontal ROI,new,261,6.485175136705665,380.0
After ICA,Frontal ROI,new,262,-2.8989723996657193,442.0
After ICA,Frontal ROI,new,263,1.5693817981805092,364.0
After ICA,Frontal ROI,new,264,3.478546581118521,490.0
After ICA,Frontal ROI,new,265,-2.0447097351600387,497.0
After ICA,Frontal ROI,new,266,10.96009099229824,455.0
After ICA,Frontal ROI,new,267,6.618118064276324,467.0
After ICA,Frontal ROI,new,268,2.4620983154766516,433.0
After ICA,Frontal ROI,new,269,14.388037990369314,499.0
After ICA,Frontal ROI,new,270,2.4559468481968856,345.0
After ICA,Frontal ROI,new,271,-0.419190165723846,390.0
After ICA,Frontal ROI,new,272,5.97624660125892,435.0
After ICA,Frontal ROI,new,273,-4.305969218235496,492.0
After ICA,Frontal ROI,new,274,-4.135339697329432,435.0
After ICA,Frontal ROI,new,275,-4.848068887151438,480.0
After ICA,Frontal ROI,new,276,-3.7804892017112244,472.0
After ICA,Frontal ROI,new,277,1.9153358587434708,409.0
After ICA,Frontal ROI,new,278,14.849387995141601,471.0
After ICA,Frontal ROI,new,279,16.600386175120708,489.0
After ICA,Frontal ROI,new,280,5.827491165013794,341.0
After ICA,Frontal ROI,new,281,2.582634247371558,363.0
After ICA,Frontal ROI,new,282,10.992310215680313,420.0
After ICA,Frontal ROI,new,283,-8.723032124517378,458.0
After ICA,Frontal ROI,new,284,-6.667650622785876,470.0
After ICA,Frontal ROI,new,285,-1.3506995817811909,397.0
After ICA,Frontal ROI,new,286,-11.624022123350201,492.0
After ICA,Frontal ROI,new,287,0.08813706787899979,301.0
After ICA,Frontal ROI,new,288,-3.5633555664070755,492.0
After ICA,Frontal ROI,new,289,-1.0951800562723044,496.0
After ICA,Frontal ROI,new,290,-7.399698142695539,300.0
After ICA,Frontal ROI,new,291,5.095982493742542,306.0
After ICA,Frontal ROI,new,292,0.8612627106359504,487.0
After ICA,Frontal ROI,new,293,-3.3191319481530424,313.0
After ICA,Frontal ROI,new,294,40.56066409833863,437.0
After ICA,Frontal ROI,new,295,12.826022165688999,395.0
After ICA,Frontal ROI,new,296,0.17484320185730168,492.0
After ICA,Frontal ROI,new,297,7.856810596576172,366.0
After ICA,Frontal ROI,new,298,-0.6147149860610699,449.0
After ICA,Frontal ROI,new,299,5.949399161608443,500.0
After ICA,Frontal ROI,new,300,4.5844106407321545,479.0
After ICA,Frontal ROI,new,301,64.40900866693305,422.0
After ICA,Frontal ROI,new,302,-2.105361565177419,410.0
After ICA,Frontal ROI,new,303,-14.506255252591362,491.0
After ICA,Frontal ROI,new,304,-19.988360896776264,386.0
After ICA,Frontal ROI,new,305,-16.90142647070152,473.0
After ICA,Frontal ROI,new,306,-4.7360809757960345,319.0
After ICA,Frontal ROI,new,307,3.022650644158275,323.0
After ICA,Frontal ROI,new,308,7.349357315813558,387.0
After ICA,Frontal ROI,new,309,-24.359710120485236,303.0
After ICA,Frontal ROI,new,310,-11.243969552351023,489.0
After ICA,Frontal ROI,new,311,-6.869038859410411,304.0
After ICA,Frontal ROI,new,312,-3.253249579183658,493.0
After ICA,Frontal ROI,new,313,9.913663231476866,436.0
After ICA,Frontal ROI,new,314,2.480459632381657,451.0
After ICA,Frontal ROI,new,315,5.3794412580117985,491.0
After ICA,Frontal ROI,new,316,6.470604460451345,319.0
After ICA,Frontal ROI,new,317,-2.0926573027474276,348.0
After ICA,Frontal ROI,new,318,10.582281810861955,420.0
After ICA,Frontal ROI,new,319,6.55637444300815,303.0
After ICA,Frontal ROI,new,320,17.87987160521704,389.0
After ICA,Frontal ROI,new,321,2.5715946126327314,401.0
After ICA,Frontal ROI,new,322,11.358528259984483,468.0
After ICA,Frontal ROI,new,323,15.668577407786996,492.0
After ICA,Frontal ROI,new,324,24.406129586182416,451.0
After ICA,Frontal ROI,new,325,0.01813375007317656,484.0
After ICA,Frontal ROI,new,326,-8.216097616451863,329.0
After ICA,Frontal ROI,new,327,13.159187263428802,457.0
After ICA,Frontal ROI,new,328,0.2917368865056884,419.0
After ICA,Frontal ROI,new,329,-18.77261566653133,424.0
After ICA,Frontal ROI,new,330,-0.8801018822445581,493.0
After ICA,Frontal ROI,new,331,1.6346924035570172,471.0
After ICA,Frontal ROI,new,332,15.113131725667387,408.0
After ICA,Frontal ROI,new,333,10.08526136902469,361.0
After ICA,Frontal ROI,new,334,16.501587237425955,410.0
After ICA,Frontal ROI,new,335,11.048594116857126,467.0
After ICA,Frontal ROI,new,336,-4.996868283237097,463.0
After ICA,Frontal ROI,new,337,10.742920017349611,354.0
After ICA,Frontal ROI,new,338,6.1114312640878925,498.0
After ICA,Frontal ROI,new,339,10.178411011594756,478.0
After ICA,Frontal ROI,new,340,6.909420435433003,315.0
After ICA,Frontal ROI,new,341,16.98299162853105,500.0
After ICA,Frontal ROI,new,342,3.124696086808092,393.0
After ICA,Frontal ROI,new,343,7.15730339097966,320.0
After ICA,Frontal ROI,new,344,-1.1291302486602626,497.0
After ICA,Frontal ROI,new,345,-5.204713133219941,313.0
After ICA,Frontal ROI,new,346,5.197840039796873,420.0
After ICA,Frontal ROI,new,347,-7.6095118891879645,423.0
After ICA,Frontal ROI,new,348,-0.9125481921452578,356.0
After ICA,Frontal ROI,new,349,-5.097530154712259,307.0
After ICA,Frontal ROI,new,350,-5.831719066805088,362.0
After ICA,Frontal ROI,new,351,8.41138328588831,500.0
After ICA,Frontal ROI,new,352,4.70740033416778,415.0
After ICA,Frontal ROI,new,353,-9.46559006795769,382.0
After ICA,Frontal ROI,new,354,14.482452516590127,361.0
After ICA,Frontal ROI,new,355,-9.0063601005488,306.0
After ICA,Frontal ROI,new,356,-2.8721711856120407,356.0
After ICA,Frontal ROI,new,357,8.141721743877303,363.0
After ICA,Frontal ROI,new,358,9.612535151110778,400.0
After ICA,Frontal ROI,new,359,4.680848516505676,442.0
After ICA,Frontal ROI,new,360,4.2088076360406,322.0
After ICA,Frontal ROI,new,361,5.813814327454672,304.0
After ICA,Frontal ROI,new,362,-1.354387945321003,385.0
After ICA,Frontal ROI,new,363,3.0851916232485364,500.0
After ICA,Frontal ROI,new,364,16.131539449787418,404.0
After ICA,Frontal ROI,new,365,-14.826953581814566,374.0
After ICA,Frontal ROI,new,366,1.3816940058699994,441.0
After ICA,Frontal ROI,new,367,-3.2202855424290817,322.0
After ICA,Frontal ROI,new,368,15.485814593984736,378.0
After ICA,Frontal ROI,new,369,4.440423708522225,331.0
After ICA,Frontal ROI,new,370,1.6018850006104528,493.0
After ICA,Frontal ROI,new,371,12.861122382362229,349.0
After ICA,Frontal ROI,new,372,-13.282157325122999,336.0
After ICA,Frontal ROI,new,373,-10.177264939072757,316.0
After ICA,Frontal ROI,new,374,-10.238400019721254,431.0
After ICA,Frontal ROI,new,375,-17.52699075627775,376.0
After ICA,Frontal ROI,new,376,3.8695019868088862,372.0
After ICA,Frontal ROI,new,377,-4.649085131790705,314.0
After ICA,Frontal ROI,new,378,-5.5797139472603305,305.0
After ICA,Frontal ROI,new,379,-0.55964145171179,366.0
After ICA,Frontal ROI,new,380,10.577720973155174,456.0
After ICA,Frontal ROI,new,381,0.5622504764245638,486.0
After ICA,Frontal ROI,new,382,-1.1153867649078277,407.0
After ICA,Frontal ROI,new,383,3.7597573225495204,300.0
After ICA,Frontal ROI,new,384,-0.7490716890839597,498.0
After ICA,Frontal ROI,new,385,-13.656536871296652,443.0
After ICA,Frontal ROI,new,386,-1.5534969924047293,303.0
After ICA,Frontal ROI,new,387,4.098487217957265,377.0
After ICA,Frontal ROI,new,388,0.07331391338863057,437.0
After ICA,Frontal ROI,new,389,-1.4922566781707245,398.0
After ICA,Frontal ROI,new,390,5.361658159302584,500.0
After ICA,Frontal ROI,new,391,-37.891646798432454,304.0
After ICA,Frontal ROI,new,392,-12.384789453418804,500.0
After ICA,Frontal ROI,new,393,-5.862576198738628,492.0
After ICA,Frontal ROI,new,394,-5.026974976768489,464.0
After ICA,Frontal ROI,new,395,-6.646109631281419,418.0
After ICA,Frontal ROI,new,396,-8.490035748259814,336.0
After ICA,Frontal ROI,new,397,-7.971624449788757,425.0
After ICA,Frontal ROI,new,398,-5.093645665240833,319.0
After ICA,Frontal ROI,new,399,-4.507633112130243,498.0
After ICA,Frontal ROI,new,400,-0.6054154780650455,496.0
After ICA,Frontal ROI,new,401,-18.24087096711157,405.0
After ICA,Frontal ROI,new,402,-6.270232899126963,482.0
After ICA,Frontal ROI,new,403,-8.82972078956369,377.0
After ICA,Frontal ROI,new,404,10.309373391432421,366.0
After ICA,Frontal ROI,new,405,7.002674450120009,376.0
After ICA,Frontal ROI,new,406,6.11873996880705,306.0
After ICA,Frontal ROI,new,407,-9.003697006423703,365.0
After ICA,Frontal ROI,new,408,-6.575732121637422,332.0
After ICA,Frontal ROI,new,409,1.4388488865957572,327.0
After ICA,Frontal ROI,new,410,10.060807573225482,300.0
After ICA,Frontal ROI,new,411,4.345992378296862,420.0
After ICA,Frontal ROI,new,412,-5.229207797605866,379.0
After ICA,Frontal ROI,new,413,6.6994338269448415,426.0
After ICA,Frontal ROI,new,414,-12.51093659067213,356.0
After ICA,Frontal ROI,new,415,13.89195390883661,371.0
After ICA,Frontal ROI,new,416,-2.4692912626822547,313.0
After ICA,Frontal ROI,new,417,-3.8430021101553473,300.0
After ICA,Frontal ROI,new,418,-14.032451728251095,300.0
After ICA,Frontal ROI,new,419,-11.17706431526982,310.0
After ICA,Frontal ROI,new,420,-5.777634046541395,386.0
After ICA,Frontal ROI,new,421,-17.067826826566133,388.0
After ICA,Frontal ROI,new,422,-5.864322316987855,366.0
After ICA,Frontal ROI,new,423,-7.430679642376571,385.0
After ICA,Frontal ROI,new,424,-6.29177247555242,381.0
After ICA,Frontal ROI,new,425,9.298214140405674,369.0
After ICA,Frontal ROI,new,426,-7.697831065584557,317.0
After ICA,Frontal ROI,new,427,4.880443250053013,434.0
After ICA,Frontal ROI,new,428,8.805617451116397,480.0
After ICA,Frontal ROI,new,429,3.2447478337801297,469.0
After ICA,Frontal ROI,new,430,-4.6573630977172265,367.0
After ICA,Frontal ROI,new,431,0.7692833599343417,417.0
After ICA,Frontal ROI,new,432,4.027962008850259,489.0
After ICA,Frontal ROI,new,433,9.316837576492958,442.0
After ICA,Frontal ROI,new,434,1.1377406034985291,485.0
After ICA,Frontal ROI,new,435,1.420104830140568,440.0
After ICA,Frontal ROI,new,436,6.27298679903833,327.0
After ICA,Frontal ROI,new,437,4.579822992294949,411.0
After ICA,Frontal ROI,new,438,3.273594998612346,500.0
After ICA,Frontal ROI,new,439,6.553037558596586,471.0
After ICA,Frontal ROI,new,440,-6.976223140553407,461.0
After ICA,Frontal ROI,new,441,36.79737425583939,323.0
After ICA,Frontal ROI,new,442,-7.223387504130522,364.0
After ICA,Frontal ROI,new,443,-0.5177712693478417,427.0
After ICA,Frontal ROI,new,444,-0.6880531577199462,323.0
After ICA,Frontal ROI,new,445,-7.267955279518482,377.0
After ICA,Frontal ROI,new,446,9.020551949580604,430.0
After ICA,Frontal ROI,new,447,-1.9790808430160987,500.0
After ICA,Frontal ROI,new,448,9.42380777646503,500.0
After ICA,Frontal ROI,new,449,6.188540330730651,450.0
After ICA,Frontal ROI,new,450,0.077556623864453,310.0
After ICA,Frontal ROI,new,451,11.873651028688302,478.0
After ICA,Frontal ROI,new,452,13.334228254245541,342.0
After ICA,Frontal ROI,new,453,3.086755958316411,326.0
After ICA,Frontal ROI,new,454,19.387857967274872,499.0
After ICA,Frontal ROI,new,455,1.7735334085699241,495.0
After ICA,Frontal ROI,new,456,2.5950082238024548,462.0
After ICA,Frontal ROI,new,457,-1.2957879169825233,366.0
After ICA,Frontal ROI,new,458,11.296487678861823,354.0
After ICA,Frontal ROI,new,459,3.3439867824763954,373.0
After ICA,Frontal ROI,new,460,7.203655273353425,489.0
After ICA,Frontal ROI,new,461,-5.371599318133857,500.0
After ICA,Frontal ROI,new,462,3.2704107858390024,304.0
After ICA,Frontal ROI,new,463,-6.905943869557144,324.0
After ICA,Frontal ROI,new,464,-8.252826620753815,417.0
After ICA,Frontal ROI,new,465,2.198286908711099,479.0
After ICA,Frontal ROI,new,466,-15.862565007940399,301.0
After ICA,Frontal ROI,new,467,-7.084815748249426,333.0
After ICA,Frontal ROI,new,468,-9.455110167335077,429.0
After ICA,Frontal ROI,new,469,-10.295921223453265,309.0
After ICA,Frontal ROI,new,470,-13.151365493659801,326.0
After ICA,Frontal ROI,new,471,-10.710130358420953,372.0
After ICA,Frontal ROI,new,472,-7.566621829648851,300.0
After ICA,Frontal ROI,new,473,9.82262993533245,490.0
After ICA,Frontal ROI,new,474,-0.47977681875270656,434.0
After ICA,Frontal ROI,new,475,2.6039300525789084,431.0
After ICA,Frontal ROI,new,476,7.562942457314531,330.0
After ICA,Frontal ROI,new,477,15.269606288906822,409.0
After ICA,Frontal ROI,new,478,5.560592366835206,469.0
After ICA,Frontal ROI,new,479,1.3053128968774654,300.0
After ICA,Frontal ROI,new,480,5.399803096124429,440.0
After ICA,Frontal ROI,new,481,10.79978211763204,398.0
After ICA,Frontal ROI,new,482,10.522455040278581,323.0
After ICA,Frontal ROI,new,483,6.857853019365242,464.0
After ICA,Frontal ROI,new,484,14.069953362043403,410.0
After ICA,Frontal ROI,new,485,9.13877540828112,340.0
After ICA,Frontal ROI,new,486,14.408114837003966,494.0
After ICA,Frontal ROI,new,487,5.8152701792923525,439.0
After ICA,Frontal ROI,new,488,2.5024549705930066,423.0
After ICA,Frontal ROI,new,489,2.0100233652053205,413.0
After ICA,Frontal ROI,new,490,-1.1855484529917186,467.0
After ICA,Frontal ROI,new,491,11.644673797715106,473.0
After ICA,Frontal ROI,new,492,-4.411143811539106,331.0
After ICA,Frontal ROI,new,493,1.866927922967458,490.0
After ICA,Frontal ROI,new,494,0.5037210968734911,311.0
After ICA,Frontal ROI,new,495,6.560303708258327,492.0
After ICA,Frontal ROI,new,496,4.502187187840633,305.0
After ICA,Frontal ROI,new,497,2.1619917631816556,438.0
After ICA,Frontal ROI,new,498,20.833044887371045,436.0
After ICA,Frontal ROI,new,499,3.0033336324075357,300.0
After ICA,Frontal ROI,new,500,2.6212764187188284,462.0
After ICA,Frontal ROI,new,501,20.096106426903077,443.0
After ICA,Frontal ROI,new,502,8.339695218941465,368.0
After ICA,Frontal ROI,new,503,4.2800477558863905,345.0
After ICA,Frontal ROI,new,504,12.113738456532436,447.0
After ICA,Frontal ROI,new,505,12.282419098367365,351.0
After ICA,Frontal ROI,new,506,9.51160994084897,480.0
After ICA,Frontal ROI,new,507,5.403690585646656,453.0
After ICA,Frontal ROI,new,508,-1.3382204055304536,409.0
After ICA,Frontal ROI,new,509,-4.5904090625341745,351.0
After ICA,Frontal ROI,new,510,-3.407354590654469,478.0
After ICA,Frontal ROI,new,511,5.240549480918316,313.0
After ICA,Frontal ROI,new,512,0.5547011742019747,463.0
After ICA,Frontal ROI,new,513,-15.225637919462134,310.0
After ICA,Frontal ROI,new,514,-3.086016754139908,368.0
After ICA,Frontal ROI,new,515,2.5482688707267984,451.0
After ICA,Frontal ROI,new,516,-3.9360941256411786,398.0
After ICA,Frontal ROI,new,517,6.620044825273485,454.0
After ICA,Frontal ROI,new,518,8.418141900410232,341.0
After ICA,Frontal ROI,new,519,-5.057340866842504,376.0
After ICA,Frontal ROI,new,520,0.8806816186602306,494.0
After ICA,Frontal ROI,new,521,11.32168151488818,335.0
After ICA,Frontal ROI,new,522,-3.904333044649891,384.0
After ICA,Frontal ROI,new,523,11.610651902173522,354.0
After ICA,Frontal ROI,new,524,-0.6892559178082035,421.0
After ICA,Frontal ROI,new,525,-1.5963772389824848,447.0
After ICA,Frontal ROI,new,526,0.8631590486165815,330.0
After ICA,Frontal ROI,new,527,-6.347372652148829,335.0
After ICA,Frontal ROI,new,528,11.458355246647804,488.0
After ICA,Frontal ROI,new,529,-9.801213338282302,390.0
After ICA,Frontal ROI,new,530,-3.256069133550985,386.0
After ICA,Frontal ROI,new,531,1.6042237386354288,471.0
After ICA,Frontal ROI,new,532,-6.676925677674482,306.0
After ICA,Frontal ROI,new,533,4.1656660787901805,313.0
After ICA,Frontal ROI,new,534,12.074755696619311,326.0
After ICA,Frontal ROI,new,535,6.5922330579002235,428.0
After ICA,Frontal ROI,new,536,-0.3753603482856781,500.0
After ICA,Frontal ROI,new,537,6.049389987090613,406.0
After ICA,Frontal ROI,new,538,-11.1874487531497,306.0
After ICA,Frontal ROI,new,539,1.386431885854806,355.0
After ICA,Frontal ROI,new,540,3.8301205141098005,345.0
After ICA,Frontal ROI,new,541,1.1703632593300282,382.0
After ICA,Frontal ROI,new,542,-6.905136470471649,411.0
After ICA,Frontal ROI,new,543,-10.417119515281628,312.0
After ICA,Frontal ROI,new,544,9.985502182228203,341.0
After ICA,Frontal ROI,new,545,1.4119658990302348,375.0
After ICA,Frontal ROI,new,546,-6.347409365656681,306.0
After ICA,Frontal ROI,new,547,-1.2647252267333284,312.0
After ICA,Frontal ROI,new,548,6.34577861599557,455.0
After ICA,Frontal ROI,new,549,-0.41307966968515847,500.0
After ICA,Frontal ROI,new,550,3.254225718229437,401.0
After ICA,Frontal ROI,new,551,-0.0986627253279886,328.0
After ICA,Frontal ROI,new,552,15.185151922273892,345.0
After ICA,Frontal ROI,new,553,-4.4382646940680015,329.0
After ICA,Frontal ROI,new,554,-3.3212838121762664,408.0
After ICA,Frontal ROI,new,555,7.195595719635936,321.0
After ICA,Frontal ROI,new,556,6.611678414273,431.0
After ICA,Frontal ROI,new,557,-4.061376113503086,358.0
After ICA,Frontal ROI,new,558,-5.6468243862853775,326.0
After ICA,Frontal ROI,new,559,6.770736073651775,324.0
After ICA,Frontal ROI,new,560,6.796873398428175,495.0
After ICA,Frontal ROI,new,561,11.668710486428646,473.0
After ICA,Frontal ROI,new,562,4.509397785105195,419.0
After ICA,Frontal ROI,new,563,11.682202094543676,414.0
After ICA,Frontal ROI,new,564,0.2694968204260429,444.0
After ICA,Frontal ROI,new,565,8.107565319737981,353.0
After ICA,Frontal ROI,new,566,4.694654511644078,485.0
After ICA,Frontal ROI,new,567,-25.468011832617726,492.0
After ICA,Frontal ROI,new,568,-7.772384637466366,321.0
After ICA,Frontal ROI,new,569,1.4493347281527964,331.0
After ICA,Frontal ROI,new,570,10.932309201381052,489.0
After ICA,Frontal ROI,new,571,10.563341768583056,430.0
After ICA,Frontal ROI,new,572,8.649174003003479,300.0
After ICA,Frontal ROI,new,573,-3.737285090216045,300.0
After ICA,Frontal ROI,new,574,-7.850597059293434,389.0
After ICA,Frontal ROI,new,575,-0.7766227397895735,450.0
After ICA,Frontal ROI,new,576,-17.037577809851662,499.0
After ICA,Frontal ROI,new,577,-6.021064305432655,322.0
After ICA,Frontal ROI,new,578,0.801467383646197,360.0
After ICA,Frontal ROI,new,579,-9.290071780992319,496.0
After ICA,Frontal ROI,new,580,4.61428542220958,322.0
After ICA,Frontal ROI,new,581,3.0169283946829957,382.0
After ICA,Frontal ROI,new,582,14.876869081523935,439.0
